{"data":[{"colorscale":[[0.0,"#0d0887"],[0.1111111111111111,"#46039f"],[0.2222222222222222,"#7201a8"],[0.3333333333333333,"#9c179e"],[0.4444444444444444,"#bd3786"],[0.5555555555555556,"#d8576b"],[0.6666666666666666,"#ed7953"],[0.7777777777777778,"#fb9f3a"],[0.8888888888888888,"#fdca26"],[1.0,"#f0f921"]],"name":"NN","showlegend":true,"showscale":false,"x":[1e-05,0.24240772690723,0.48480545381446,0.72720318072169,0.96960090762892,1.21199863453615,1.45439636144338,1.69679408835061,1.93919181525784,2.18158954216506],"y":[1e-05,0.144560514746047,0.289111029492094,0.433661544238141,0.5782120589841879,0.7227625737302349,0.867313088476282,1.011863603222329,1.156414117968376,1.300964632714423],"z":[[0.2,1.0,1.0,1.0,1.0,1.0,1.0,1.0,1.0,1.0],[0.2,0.2,0.2,0.22286483980010974,0.2753903728400498,0.32136095711966656,0.3620261340014401,0.39827075161710274,0.43078065335363785,0.4601152138347111],[0.2,0.2,0.2,0.2,0.2,0.2,0.21676625709030628,0.24302126013224945,0.2673569972110018,0.2899393203836663],[0.2,0.2,0.2,0.2,0.2,0.2,0.2,0.2,0.2,0.21126469236697032],[0.2,0.2,0.2,0.2,0.2,0.2,0.2,0.2,0.2,0.2],[0.2,0.2,0.2,0.2,0.2,0.2,0.2,0.2,0.2,0.2],[0.2,0.2,0.2,0.2,0.2,0.2,0.2,0.2,0.2,0.2],[0.2,0.2,0.2,0.2,0.2,0.2,0.2,0.2,0.2,0.2],[0.2,0.2,0.2,0.2,0.2,0.2,0.2,0.2,0.2,0.2],[0.2,0.2,0.2,0.2,0.2,0.2,0.2,0.2,0.2,0.2]],"type":"surface","scene":"scene"},{"colorscale":[[0.0,"#0d0887"],[0.1111111111111111,"#46039f"],[0.2222222222222222,"#7201a8"],[0.3333333333333333,"#9c179e"],[0.4444444444444444,"#bd3786"],[0.5555555555555556,"#d8576b"],[0.6666666666666666,"#ed7953"],[0.7777777777777778,"#fb9f3a"],[0.8888888888888888,"#fdca26"],[1.0,"#f0f921"]],"name":"NN","showlegend":true,"showscale":false,"x":[-0.09930562493060069,-0.0772377082793561,-0.055169791628111496,-0.033101874976866896,-0.011033958325622303,0.01103395832562229,0.033101874976866896,0.055169791628111475,0.07723770827935608,0.09930562493060069],"y":[1e-05,0.144560514746047,0.289111029492094,0.433661544238141,0.5782120589841879,0.7227625737302349,0.867313088476282,1.011863603222329,1.156414117968376,1.300964632714423],"z":[[1.0,1.0,1.0,1.0,1.0,1.0,1.0,1.0,1.0,1.0],[0.27519569933443,0.2752461374113538,0.2752944319789532,0.27534196747771883,0.2753903728400498,0.27544147427341503,0.275497237186532,0.2755596999622834,0.27563090291449927,0.27571281614881316],[0.2,0.2,0.2,0.2,0.2,0.2,0.2,0.2,0.2,0.2],[0.2,0.2,0.2,0.2,0.2,0.2,0.2,0.2,0.2,0.2],[0.2,0.2,0.2,0.2,0.2,0.2,0.2,0.2,0.2,0.2],[0.2,0.2,0.2,0.2,0.2,0.2,0.2,0.2,0.2,0.2],[0.2,0.2,0.2,0.2,0.2,0.2,0.2,0.2,0.2,0.2],[0.2,0.2,0.2,0.2,0.2,0.2,0.2,0.2,0.2,0.2],[0.2,0.2,0.2,0.2,0.2,0.2,0.2,0.2,0.2,0.2],[0.2,0.2,0.2,0.2,0.2,0.2,0.2,0.2,0.2,0.2]],"type":"surface","scene":"scene2"},{"colorscale":[[0.0,"#0d0887"],[0.1111111111111111,"#46039f"],[0.2222222222222222,"#7201a8"],[0.3333333333333333,"#9c179e"],[0.4444444444444444,"#bd3786"],[0.5555555555555556,"#d8576b"],[0.6666666666666666,"#ed7953"],[0.7777777777777778,"#fb9f3a"],[0.8888888888888888,"#fdca26"],[1.0,"#f0f921"]],"name":"NN","showlegend":true,"showscale":false,"x":[-0.09930562493060069,-0.0772377082793561,-0.055169791628111496,-0.033101874976866896,-0.011033958325622303,0.01103395832562229,0.033101874976866896,0.055169791628111475,0.07723770827935608,0.09930562493060069],"y":[1e-05,0.24240772690723,0.48480545381446,0.72720318072169,0.96960090762892,1.21199863453615,1.45439636144338,1.69679408835061,1.93919181525784,2.18158954216506],"z":[[0.2,0.2,0.2,0.2,0.2,0.2,0.2,0.2,0.2,0.2],[0.2,0.2,0.2,0.2,0.2,0.2,0.2,0.2,0.2,0.2],[0.2,0.2,0.2,0.2,0.2,0.2,0.2,0.2,0.2,0.2],[0.2,0.2,0.2,0.2,0.2,0.2,0.2,0.2,0.2,0.2],[0.2,0.2,0.2,0.2,0.2,0.2,0.2,0.2,0.2,0.2],[0.2,0.2,0.2,0.2,0.2,0.2,0.2,0.2,0.2,0.2],[0.2,0.2,0.2,0.2,0.2,0.2,0.2,0.2,0.2,0.2],[0.2,0.2,0.2,0.2,0.2,0.2,0.2,0.2,0.2,0.2],[0.2,0.2,0.2,0.2,0.2,0.2,0.2,0.2,0.2,0.2],[0.2,0.2,0.2,0.2,0.2,0.2,0.2,0.2,0.2,0.2]],"type":"surface","scene":"scene3"},{"colorscale":[[0.0,"#0d0887"],[0.1111111111111111,"#46039f"],[0.2222222222222222,"#7201a8"],[0.3333333333333333,"#9c179e"],[0.4444444444444444,"#bd3786"],[0.5555555555555556,"#d8576b"],[0.6666666666666666,"#ed7953"],[0.7777777777777778,"#fb9f3a"],[0.8888888888888888,"#fdca26"],[1.0,"#f0f921"]],"name":"NN","showlegend":true,"showscale":false,"x":[0.01,0.06157894736842105,0.1131578947368421,0.16473684210526315,0.2163157894736842,0.26789473684210524,0.3194736842105263,0.37105263157894736,0.4226315789473684,0.47421052631578947,0.5257894736842105,0.5773684210526315,0.6289473684210526,0.6805263157894736,0.7321052631578947,0.7836842105263158,0.8352631578947368,0.8868421052631579,0.9384210526315789,0.99],"y":[1e-05,0.144560514746047,0.289111029492094,0.433661544238141,0.5782120589841879,0.7227625737302349,0.867313088476282,1.011863603222329,1.156414117968376,1.300964632714423],"z":[[0.2,0.5795719926564776,0.9084668465686803,1.0,1.0,1.0,1.0,1.0,1.0,1.0,1.0,1.0,1.0,1.0,1.0,1.0,1.0,1.0,1.0,1.0],[0.2,0.2,0.2,0.2,0.2,0.2,0.2,0.2,0.2,0.2,0.2,0.2,0.2,0.23413478165293933,0.2753903728400498,0.32562533221193846,0.3893438217310621,0.47625282778781597,0.6110107237784446,0.9166340613294981],[0.2,0.2,0.2,0.2,0.2,0.2,0.2,0.2,0.2,0.2,0.2,0.2,0.2,0.2,0.2,0.2,0.2370234595537215,0.3045965309074051,0.42464835795922096,0.8311994304434893],[0.2,0.2,0.2,0.2,0.2,0.2,0.2,0.2,0.2,0.2,0.2,0.2,0.2,0.2,0.2,0.2,0.2,0.22293216630871238,0.3216723632203129,0.7488041822737779],[0.2,0.2,0.2,0.2,0.2,0.2,0.2,0.2,0.2,0.2,0.2,0.2,0.2,0.2,0.2,0.2,0.2,0.2,0.25719654727780783,0.6720902729174948],[0.2,0.2,0.2,0.2,0.2,0.2,0.2,0.2,0.2,0.2,0.2,0.2,0.2,0.2,0.2,0.2,0.2,0.2,0.2136600579011656,0.6040957608126145],[0.2,0.2,0.2,0.2,0.2,0.2,0.2,0.2,0.2,0.2,0.2,0.2,0.2,0.2,0.2,0.2,0.2,0.2,0.2,0.54629679456134],[0.2,0.2,0.2,0.2,0.2,0.2,0.2,0.2,0.2,0.2,0.2,0.2,0.2,0.2,0.2,0.2,0.2,0.2,0.2,0.4975691168592793],[0.2,0.2,0.2,0.2,0.2,0.2,0.2,0.2,0.2,0.2,0.2,0.2,0.2,0.2,0.2,0.2,0.2,0.2,0.2,0.4546030036500518],[0.2,0.2,0.2,0.2,0.2,0.2,0.2,0.2,0.2,0.2,0.2,0.2,0.2,0.2,0.2,0.2,0.2,0.2,0.2,0.41290508579430507]],"type":"surface","scene":"scene4"},{"colorscale":[[0.0,"#0d0887"],[0.1111111111111111,"#46039f"],[0.2222222222222222,"#7201a8"],[0.3333333333333333,"#9c179e"],[0.4444444444444444,"#bd3786"],[0.5555555555555556,"#d8576b"],[0.6666666666666666,"#ed7953"],[0.7777777777777778,"#fb9f3a"],[0.8888888888888888,"#fdca26"],[1.0,"#f0f921"]],"name":"NN","showlegend":true,"showscale":false,"x":[0.01,0.06157894736842105,0.1131578947368421,0.16473684210526315,0.2163157894736842,0.26789473684210524,0.3194736842105263,0.37105263157894736,0.4226315789473684,0.47421052631578947,0.5257894736842105,0.5773684210526315,0.6289473684210526,0.6805263157894736,0.7321052631578947,0.7836842105263158,0.8352631578947368,0.8868421052631579,0.9384210526315789,0.99],"y":[1e-05,0.24240772690723,0.48480545381446,0.72720318072169,0.96960090762892,1.21199863453615,1.45439636144338,1.69679408835061,1.93919181525784,2.18158954216506],